Datetime,Close,High,Low,Open,Volume
2026-04-06 03:45:00+00:00,5012.0,5072.5,4991.5,5071.0,0
2026-04-06 03:50:00+00:00,5024.0,5031.5,5010.0,5027.0,10093
2026-04-06 03:55:00+00:00,5048.5,5049.0,5024.5,5024.5,7569
2026-04-06 04:00:00+00:00,5082.5,5085.0,5042.0,5049.5,8140
2026-04-06 04:05:00+00:00,5079.0,5096.0,5079.0,5082.5,6682
2026-04-06 04:10:00+00:00,5070.0,5081.5,5052.5,5080.0,7266
2026-04-06 04:15:00+00:00,5078.0,5082.5,5071.5,5071.5,5965
2026-04-06 04:20:00+00:00,5078.5,5082.5,5063.5,5077.5,4254
2026-04-06 04:25:00+00:00,5053.0,5080.5,5053.0,5079.0,3070
2026-04-06 04:30:00+00:00,5049.0,5055.0,5041.0,5052.5,5640
2026-04-06 04:35:00+00:00,5058.5,5064.0,5047.0,5051.5,4622
2026-04-06 04:40:00+00:00,5061.5,5065.0,5052.5,5057.0,3211
2026-04-06 04:45:00+00:00,5057.0,5071.5,5046.0,5068.0,5732
2026-04-06 04:50:00+00:00,5047.0,5058.5,5047.0,5052.0,2438
2026-04-06 04:55:00+00:00,5041.0,5045.0,5031.5,5041.0,14010
2026-04-06 05:00:00+00:00,5043.5,5043.5,5029.0,5039.0,2634
2026-04-06 05:05:00+00:00,5044.5,5051.5,5043.0,5043.5,3443
2026-04-06 05:10:00+00:00,5051.0,5051.0,5038.0,5046.0,3192
2026-04-06 05:15:00+00:00,5058.0,5059.5,5045.0,5047.5,4750
2026-04-06 05:20:00+00:00,5057.5,5067.0,5053.0,5056.5,4854
2026-04-06 05:25:00+00:00,5054.5,5059.0,5050.0,5055.0,5500
2026-04-06 05:30:00+00:00,5033.5,5056.5,5033.5,5056.5,4425
2026-04-06 05:35:00+00:00,5036.5,5038.0,5030.0,5035.0,2834
2026-04-06 05:40:00+00:00,5024.0,5035.0,5014.5,5034.0,4617
2026-04-06 05:45:00+00:00,5026.5,5027.5,5016.0,5023.0,2453
2026-04-06 05:50:00+00:00,5025.0,5030.5,5019.5,5025.0,2365
2026-04-06 05:55:00+00:00,5032.5,5033.0,5025.0,5026.5,2503
2026-04-06 06:00:00+00:00,5024.5,5037.5,5022.0,5033.0,2653
2026-04-06 06:05:00+00:00,5025.0,5037.5,5021.0,5024.5,3408
2026-04-06 06:10:00+00:00,5034.5,5034.5,5021.0,5028.0,1999
2026-04-06 06:15:00+00:00,5045.0,5047.5,5031.5,5032.0,5457
2026-04-06 06:20:00+00:00,5040.0,5052.0,5040.0,5045.0,2656
2026-04-06 06:25:00+00:00,5044.0,5047.5,5036.5,5043.0,2633
2026-04-06 06:30:00+00:00,5047.5,5058.5,5044.0,5044.0,3066
2026-04-06 06:35:00+00:00,5041.5,5051.0,5041.5,5048.0,1693
2026-04-06 06:40:00+00:00,5035.5,5042.0,5032.5,5038.5,1352
2026-04-06 06:45:00+00:00,5037.5,5041.0,5033.5,5033.5,985
2026-04-06 06:50:00+00:00,5043.0,5056.0,5037.0,5037.0,4289
2026-04-06 06:55:00+00:00,5046.0,5049.0,5040.5,5047.0,1176
2026-04-06 07:00:00+00:00,5032.0,5049.5,5030.0,5045.0,2452
2026-04-06 07:05:00+00:00,5055.5,5055.5,5030.0,5031.5,12462
2026-04-06 07:10:00+00:00,5056.5,5064.0,5053.0,5055.0,9879
2026-04-06 07:15:00+00:00,5072.5,5078.0,5055.5,5055.5,10845
2026-04-06 07:20:00+00:00,5077.5,5088.0,5071.5,5072.5,9926
2026-04-06 07:25:00+00:00,5084.5,5089.5,5077.5,5077.5,7140
2026-04-06 07:30:00+00:00,5074.0,5087.5,5071.5,5086.0,2681
2026-04-06 07:35:00+00:00,5085.0,5087.0,5073.0,5073.0,1800
2026-04-06 07:40:00+00:00,5085.5,5092.0,5083.0,5084.5,4217
2026-04-06 07:45:00+00:00,5083.0,5087.0,5082.0,5085.0,884
2026-04-06 07:50:00+00:00,5083.0,5087.0,5078.5,5081.0,2181
2026-04-06 07:55:00+00:00,5078.0,5085.0,5075.0,5083.5,625
2026-04-06 08:00:00+00:00,5081.0,5081.0,5077.5,5078.0,809
2026-04-06 08:05:00+00:00,5074.5,5083.0,5074.5,5081.0,578
2026-04-06 08:10:00+00:00,5074.0,5076.0,5070.0,5072.0,1699
2026-04-06 08:15:00+00:00,5077.5,5084.0,5073.0,5073.0,5479
2026-04-06 08:20:00+00:00,5085.0,5087.0,5079.0,5079.0,2104
2026-04-06 08:25:00+00:00,5081.5,5085.0,5080.0,5083.5,1962
2026-04-06 08:30:00+00:00,5092.0,5092.0,5081.0,5081.5,6593
2026-04-06 08:35:00+00:00,5080.5,5097.0,5079.0,5094.0,3254
2026-04-06 08:40:00+00:00,5109.0,5109.0,5080.5,5080.5,5642
2026-04-06 08:45:00+00:00,5118.0,5120.0,5104.0,5108.5,7004
2026-04-06 08:50:00+00:00,5104.0,5122.0,5104.0,5118.0,6205
2026-04-06 08:55:00+00:00,5099.5,5104.5,5094.0,5104.0,2446
2026-04-06 09:00:00+00:00,5098.0,5103.5,5095.0,5096.0,1667
2026-04-06 09:05:00+00:00,5094.0,5101.0,5093.5,5097.0,1684
2026-04-06 09:10:00+00:00,5091.5,5094.0,5084.5,5094.0,4906
2026-04-06 09:15:00+00:00,5091.5,5095.0,5090.5,5090.5,1536
2026-04-06 09:20:00+00:00,5091.0,5097.0,5089.5,5091.5,2277
2026-04-06 09:25:00+00:00,5089.5,5092.5,5084.5,5091.0,2474
2026-04-06 09:30:00+00:00,5101.0,5102.0,5088.5,5088.5,5971
2026-04-06 09:35:00+00:00,5105.0,5109.5,5097.5,5102.5,3642
2026-04-06 09:40:00+00:00,5109.0,5115.0,5104.0,5106.0,5840
2026-04-06 09:45:00+00:00,5104.5,5110.5,5099.0,5109.0,7698
2026-04-06 09:50:00+00:00,5104.0,5108.0,5101.0,5104.0,6412
2026-04-06 09:55:00+00:00,5105.0,5108.0,5102.0,5103.5,6627
2026-04-07 03:45:00+00:00,4947.0,5059.5,4941.0,5059.5,0
2026-04-07 03:50:00+00:00,4967.0,4970.0,4943.0,4946.5,12375
2026-04-07 03:55:00+00:00,4982.0,4984.0,4964.0,4964.0,19133
2026-04-07 04:00:00+00:00,4971.5,4982.0,4970.0,4981.5,11393
2026-04-07 04:05:00+00:00,4970.5,4983.0,4966.0,4970.5,9359
2026-04-07 04:10:00+00:00,4987.0,4993.0,4975.0,4978.5,9110
2026-04-07 04:15:00+00:00,4984.0,4995.5,4981.5,4985.5,8903
2026-04-07 04:20:00+00:00,4972.0,4984.5,4972.0,4982.5,5379
2026-04-07 04:25:00+00:00,4982.5,4985.0,4972.0,4972.0,3901
2026-04-07 04:30:00+00:00,4994.0,5002.5,4980.5,4983.5,15701
2026-04-07 04:35:00+00:00,4980.0,4997.0,4980.0,4994.0,6109
2026-04-07 04:40:00+00:00,4994.5,4994.5,4973.0,4979.5,6858
2026-04-07 04:45:00+00:00,5009.0,5012.5,4993.0,4993.5,8474
2026-04-07 04:50:00+00:00,5004.0,5016.0,5000.0,5004.5,8731
2026-04-07 04:55:00+00:00,5012.5,5019.0,5004.0,5004.0,5603
2026-04-07 05:00:00+00:00,5020.5,5029.0,5008.0,5012.0,7270
2026-04-07 05:05:00+00:00,5022.5,5022.5,5004.0,5018.0,4896
2026-04-07 05:10:00+00:00,5020.0,5029.5,5018.5,5022.0,4404
2026-04-07 05:15:00+00:00,5012.0,5027.0,5011.5,5018.5,4363
2026-04-07 05:20:00+00:00,4998.0,5013.0,4996.0,5011.5,5679
2026-04-07 05:25:00+00:00,4992.5,5004.5,4990.0,4998.5,5147
2026-04-07 05:30:00+00:00,4990.0,4995.0,4985.0,4993.5,3568
2026-04-07 05:35:00+00:00,4995.0,4998.0,4990.0,4990.0,1597
2026-04-07 05:40:00+00:00,4990.5,4997.0,4990.5,4995.0,1320
2026-04-07 05:45:00+00:00,4996.0,4998.5,4990.5,4991.0,2743
2026-04-07 05:50:00+00:00,5001.5,5005.5,4996.0,4996.0,2548
2026-04-07 05:55:00+00:00,5008.0,5014.5,5001.0,5001.0,6301
2026-04-07 06:00:00+00:00,5004.0,5010.0,5002.5,5005.0,1957
2026-04-07 06:05:00+00:00,5004.5,5008.5,5001.0,5003.0,2860
2026-04-07 06:10:00+00:00,5000.5,5003.5,4995.0,5002.5,3394
2026-04-07 06:15:00+00:00,5002.0,5006.0,4999.5,5000.5,1809
2026-04-07 06:20:00+00:00,5007.5,5007.5,5000.5,5002.0,1335
2026-04-07 06:25:00+00:00,5021.0,5022.5,5006.5,5006.5,4201
2026-04-07 06:30:00+00:00,5009.0,5021.0,5006.0,5021.0,4962
2026-04-07 06:35:00+00:00,5008.0,5010.5,5002.0,5008.0,2185
2026-04-07 06:40:00+00:00,5011.0,5014.0,5000.0,5007.0,3516
2026-04-07 06:45:00+00:00,5010.5,5012.5,5007.5,5010.0,2939
2026-04-07 06:50:00+00:00,5001.5,5010.5,5001.0,5009.5,2026
2026-04-07 06:55:00+00:00,5005.5,5008.0,5001.0,5001.5,2215
2026-04-07 07:00:00+00:00,5009.0,5011.0,5004.0,5005.5,1582
2026-04-07 07:05:00+00:00,5012.0,5012.0,5004.0,5008.5,2053
2026-04-07 07:10:00+00:00,5010.5,5012.0,5008.0,5012.0,1600
2026-04-07 07:15:00+00:00,5008.5,5011.0,5006.0,5009.5,1358
2026-04-07 07:20:00+00:00,5006.0,5008.5,5002.5,5008.0,1686
2026-04-07 07:25:00+00:00,4995.5,5006.5,4995.5,5006.0,2752
2026-04-07 07:30:00+00:00,5006.5,5006.5,4996.0,4996.0,1917
2026-04-07 07:35:00+00:00,5002.5,5006.0,5001.5,5005.0,1760
2026-04-07 07:40:00+00:00,5001.0,5014.5,5000.5,5002.5,4309
2026-04-07 07:45:00+00:00,5007.5,5009.0,4999.5,5001.5,2360
2026-04-07 07:50:00+00:00,4999.5,5006.0,4997.5,5006.0,2288
2026-04-07 07:55:00+00:00,5001.0,5002.0,4997.5,4998.5,1740
2026-04-07 08:00:00+00:00,5014.0,5017.0,5001.0,5001.0,6136
2026-04-07 08:05:00+00:00,5021.0,5025.0,5014.5,5014.5,4917
2026-04-07 08:10:00+00:00,5031.0,5034.5,5018.0,5020.0,8951
2026-04-07 08:15:00+00:00,5026.5,5031.0,5022.5,5030.0,5344
2026-04-07 08:20:00+00:00,5030.0,5032.0,5014.5,5026.0,8141
2026-04-07 08:25:00+00:00,5021.0,5032.0,5015.0,5030.5,4287
2026-04-07 08:30:00+00:00,5028.5,5029.5,5018.0,5022.0,2392
2026-04-07 08:35:00+00:00,5021.0,5029.0,5018.5,5028.5,1646
2026-04-07 08:40:00+00:00,5017.0,5022.0,5009.5,5020.5,4788
2026-04-07 08:45:00+00:00,5022.0,5027.5,5017.0,5017.0,3111
2026-04-07 08:50:00+00:00,5023.5,5028.0,5018.5,5020.5,3647
2026-04-07 08:55:00+00:00,5031.0,5034.0,5023.0,5023.0,4607
2026-04-07 09:00:00+00:00,5033.5,5038.5,5030.0,5030.0,6494
2026-04-07 09:05:00+00:00,5021.5,5031.5,5016.0,5031.5,5734
2026-04-07 09:10:00+00:00,5029.5,5030.0,5021.0,5021.0,3226
2026-04-07 09:15:00+00:00,5034.0,5035.0,5028.0,5028.5,3520
2026-04-07 09:20:00+00:00,5036.5,5039.0,5033.0,5035.0,5399
2026-04-07 09:25:00+00:00,5049.0,5049.0,5037.0,5037.0,7291
2026-04-07 09:30:00+00:00,5054.0,5055.0,5032.5,5043.5,10529
2026-04-07 09:35:00+00:00,5055.5,5058.0,5051.5,5052.5,6607
2026-04-07 09:40:00+00:00,5049.0,5056.5,5046.0,5055.5,9563
2026-04-07 09:45:00+00:00,5045.5,5053.5,5045.5,5051.0,12107
2026-04-07 09:50:00+00:00,5050.0,5053.0,5044.0,5044.0,9174
2026-04-07 09:55:00+00:00,5060.5,5069.5,5049.0,5051.0,10651
2026-04-08 03:45:00+00:00,5300.5,5308.0,5266.0,5274.5,0
2026-04-08 03:50:00+00:00,5282.0,5311.0,5276.0,5299.5,20315
2026-04-08 03:55:00+00:00,5287.0,5298.0,5278.0,5283.5,11246
2026-04-08 04:00:00+00:00,5284.5,5303.0,5284.5,5288.0,9743
2026-04-08 04:05:00+00:00,5295.5,5296.0,5276.5,5285.0,7774
2026-04-08 04:10:00+00:00,5302.0,5309.0,5290.0,5296.5,8875
2026-04-08 04:15:00+00:00,5317.5,5319.5,5303.0,5303.0,11232
2026-04-08 04:20:00+00:00,5310.5,5326.0,5305.5,5319.5,15014
2026-04-08 04:25:00+00:00,5301.5,5316.0,5300.0,5310.5,4576
2026-04-08 04:30:00+00:00,5320.5,5335.5,5305.0,5307.5,23774
2026-04-08 04:35:00+00:00,5338.5,5344.0,5322.0,5322.0,7165
2026-04-08 04:40:00+00:00,5335.5,5349.5,5335.0,5337.0,5494
2026-04-08 04:45:00+00:00,5341.0,5346.0,5332.0,5337.0,3956
2026-04-08 04:50:00+00:00,5336.5,5343.5,5324.0,5342.5,8007
2026-04-08 04:55:00+00:00,5328.5,5345.0,5328.0,5336.5,25648
2026-04-08 05:00:00+00:00,5321.0,5333.5,5320.0,5330.5,4803
2026-04-08 05:05:00+00:00,5323.0,5325.0,5313.5,5321.0,5292
2026-04-08 05:10:00+00:00,5323.0,5331.5,5318.5,5325.0,2670
2026-04-08 05:15:00+00:00,5320.0,5331.5,5316.5,5321.5,3649
2026-04-08 05:20:00+00:00,5327.0,5327.5,5317.0,5320.0,2896
2026-04-08 05:25:00+00:00,5331.0,5334.5,5326.0,5328.5,3506
2026-04-08 05:30:00+00:00,5332.5,5338.5,5331.5,5332.0,3974
2026-04-08 05:35:00+00:00,5332.0,5339.0,5323.5,5335.0,3596
2026-04-08 05:40:00+00:00,5328.0,5335.0,5327.0,5334.5,2458
2026-04-08 05:45:00+00:00,5328.0,5335.0,5327.5,5327.5,2884
2026-04-08 05:50:00+00:00,5318.5,5339.0,5318.5,5331.0,11294
2026-04-08 05:55:00+00:00,5317.0,5320.0,5311.0,5318.5,3924
2026-04-08 06:00:00+00:00,5322.0,5324.5,5317.0,5317.0,6883
2026-04-08 06:05:00+00:00,5317.5,5325.5,5312.5,5323.0,6823
2026-04-08 06:10:00+00:00,5312.5,5319.5,5312.5,5316.5,19033
2026-04-08 06:15:00+00:00,5307.0,5315.0,5306.5,5314.5,11947
2026-04-08 06:20:00+00:00,5325.0,5325.0,5301.0,5310.0,85639
2026-04-08 06:25:00+00:00,5312.5,5328.0,5311.0,5324.0,6231
2026-04-08 06:30:00+00:00,5317.5,5318.5,5312.5,5312.5,2418
2026-04-08 06:35:00+00:00,5314.0,5324.5,5313.5,5318.0,3612
2026-04-08 06:40:00+00:00,5308.5,5319.0,5306.5,5314.0,5120
2026-04-08 06:45:00+00:00,5303.0,5310.0,5298.5,5308.5,27791
2026-04-08 06:50:00+00:00,5313.0,5313.0,5301.0,5303.0,3496
2026-04-08 06:55:00+00:00,5312.5,5320.0,5311.0,5311.0,4986
2026-04-08 07:00:00+00:00,5308.5,5318.0,5305.0,5313.0,2912
2026-04-08 07:05:00+00:00,5312.0,5314.0,5308.0,5309.5,1942
2026-04-08 07:10:00+00:00,5318.5,5320.0,5312.0,5312.0,5574
2026-04-08 07:15:00+00:00,5323.0,5324.5,5317.0,5318.5,17274
2026-04-08 07:20:00+00:00,5327.0,5328.5,5320.5,5320.5,3867
2026-04-08 07:25:00+00:00,5320.0,5330.0,5319.0,5329.5,27958
2026-04-08 07:30:00+00:00,5311.0,5320.0,5310.0,5320.0,5158
2026-04-08 07:35:00+00:00,5312.0,5313.5,5310.0,5311.5,2952
2026-04-08 07:40:00+00:00,5310.0,5315.0,5310.0,5312.0,3151
2026-04-08 07:45:00+00:00,5311.0,5315.0,5309.0,5310.0,1746
2026-04-08 07:50:00+00:00,5314.5,5315.5,5311.0,5311.0,1314
2026-04-08 07:55:00+00:00,5309.0,5316.5,5307.0,5314.0,3508
2026-04-08 08:00:00+00:00,5301.0,5309.0,5296.0,5309.0,21371
2026-04-08 08:05:00+00:00,5302.5,5306.5,5300.5,5301.0,2593
2026-04-08 08:10:00+00:00,5296.0,5304.0,5295.5,5302.5,4102
2026-04-08 08:15:00+00:00,5293.5,5299.0,5290.5,5296.0,4371
2026-04-08 08:20:00+00:00,5294.5,5298.0,5293.0,5293.5,1923
2026-04-08 08:25:00+00:00,5296.5,5299.5,5293.0,5294.5,2178
2026-04-08 08:30:00+00:00,5294.0,5299.0,5293.0,5295.5,2275
2026-04-08 08:35:00+00:00,5291.0,5297.0,5288.0,5294.0,5096
2026-04-08 08:40:00+00:00,5290.5,5297.0,5289.0,5291.0,2299
2026-04-08 08:45:00+00:00,5300.5,5303.0,5290.5,5290.5,2848
2026-04-08 08:50:00+00:00,5301.5,5307.5,5296.5,5302.0,33759
2026-04-08 08:55:00+00:00,5299.5,5304.0,5293.0,5301.0,3272
2026-04-08 09:00:00+00:00,5294.0,5300.0,5293.5,5297.0,2540
2026-04-08 09:05:00+00:00,5291.0,5295.5,5288.5,5294.0,5700
2026-04-08 09:10:00+00:00,5293.0,5295.0,5286.0,5290.0,4503
2026-04-08 09:15:00+00:00,5293.0,5308.0,5293.0,5293.0,14379
2026-04-08 09:20:00+00:00,5290.0,5294.0,5287.5,5292.5,9517
2026-04-08 09:25:00+00:00,5289.0,5292.0,5287.5,5288.5,20833
2026-04-08 09:30:00+00:00,5289.5,5291.0,5281.0,5290.0,26436
2026-04-08 09:35:00+00:00,5294.0,5300.0,5289.0,5290.0,29647
2026-04-08 09:40:00+00:00,5289.0,5295.0,5283.0,5295.0,15714
2026-04-08 09:45:00+00:00,5287.0,5290.0,5285.0,5289.0,16665
2026-04-08 09:50:00+00:00,5286.0,5286.0,5283.0,5284.0,16622
2026-04-08 09:55:00+00:00,5281.5,5286.0,5281.0,5285.0,16322
2026-04-09 03:45:00+00:00,5327.5,5332.5,5208.0,5291.0,0
2026-04-09 03:50:00+00:00,5329.5,5337.5,5321.0,5331.0,25490
2026-04-09 03:55:00+00:00,5372.0,5378.5,5328.0,5328.0,51794
2026-04-09 04:00:00+00:00,5345.0,5372.0,5340.5,5371.0,15156
2026-04-09 04:05:00+00:00,5322.5,5340.0,5320.5,5328.5,17464
2026-04-09 04:10:00+00:00,5320.5,5328.5,5316.0,5324.0,10858
2026-04-09 04:15:00+00:00,5302.0,5325.0,5302.0,5321.5,7455
2026-04-09 04:20:00+00:00,5298.5,5309.0,5295.5,5304.0,7389
2026-04-09 04:25:00+00:00,5265.0,5294.5,5265.0,5294.5,9581
2026-04-09 04:30:00+00:00,5283.0,5289.0,5257.0,5264.0,11747
2026-04-09 04:35:00+00:00,5298.0,5298.5,5281.0,5284.0,6472
2026-04-09 04:40:00+00:00,5298.5,5304.0,5295.0,5298.0,5804
2026-04-09 04:45:00+00:00,5307.5,5311.0,5292.0,5298.5,5700
2026-04-09 04:50:00+00:00,5304.0,5310.0,5298.0,5305.5,3315
2026-04-09 04:55:00+00:00,5317.0,5317.0,5295.0,5305.0,4323
2026-04-09 05:00:00+00:00,5321.0,5327.0,5314.0,5316.5,5570
2026-04-09 05:05:00+00:00,5319.0,5326.5,5315.5,5319.5,3481
2026-04-09 05:10:00+00:00,5321.5,5326.5,5316.0,5320.0,3212
2026-04-09 05:15:00+00:00,5318.0,5324.0,5314.0,5321.5,3643
2026-04-09 05:20:00+00:00,5310.5,5320.0,5303.0,5316.5,4492
2026-04-09 05:25:00+00:00,5306.5,5319.5,5305.0,5317.0,2862
2026-04-09 05:30:00+00:00,5314.5,5319.0,5306.0,5306.0,3088
2026-04-09 05:35:00+00:00,5319.0,5320.0,5310.5,5314.5,2693
2026-04-09 05:40:00+00:00,5316.0,5318.5,5311.5,5318.5,2335
2026-04-09 05:45:00+00:00,5313.5,5319.5,5309.5,5316.0,1778
2026-04-09 05:50:00+00:00,5303.0,5316.0,5300.5,5314.5,8704
2026-04-09 05:55:00+00:00,5294.0,5305.5,5290.0,5302.0,6171
2026-04-09 06:00:00+00:00,5295.0,5300.0,5292.5,5293.5,3955
2026-04-09 06:05:00+00:00,5309.0,5309.0,5295.0,5295.0,7018
2026-04-09 06:10:00+00:00,5309.5,5310.5,5299.0,5307.0,5867
2026-04-09 06:15:00+00:00,5315.0,5315.0,5305.5,5309.5,6097
2026-04-09 06:20:00+00:00,5316.0,5319.5,5314.0,5316.5,12740
2026-04-09 06:25:00+00:00,5321.0,5321.0,5313.0,5316.0,9964
2026-04-09 06:30:00+00:00,5325.0,5325.0,5316.0,5319.0,11057
2026-04-09 06:35:00+00:00,5336.5,5339.0,5317.5,5323.5,43277
2026-04-09 06:40:00+00:00,5320.5,5338.5,5315.0,5337.5,26827
2026-04-09 06:45:00+00:00,5333.0,5338.0,5317.5,5317.5,6925
2026-04-09 06:50:00+00:00,5328.5,5339.5,5328.5,5334.0,24392
2026-04-09 06:55:00+00:00,5323.0,5330.0,5320.0,5329.5,13468
2026-04-09 07:00:00+00:00,5325.5,5329.5,5321.5,5322.0,4242
2026-04-09 07:05:00+00:00,5320.0,5328.5,5312.5,5325.5,11475
2026-04-09 07:10:00+00:00,5319.0,5329.5,5319.0,5320.0,9453
2026-04-09 07:15:00+00:00,5294.5,5326.0,5292.5,5326.0,6883
2026-04-09 07:20:00+00:00,5294.5,5301.5,5291.5,5295.0,7689
2026-04-09 07:25:00+00:00,5294.5,5297.0,5291.0,5292.5,3470
2026-04-09 07:30:00+00:00,5294.0,5297.0,5293.0,5294.5,2798
2026-04-09 07:35:00+00:00,5300.5,5302.0,5293.0,5296.0,2618
2026-04-09 07:40:00+00:00,5298.0,5302.0,5285.0,5302.0,7133
2026-04-09 07:45:00+00:00,5297.5,5302.5,5296.0,5298.0,3209
2026-04-09 07:50:00+00:00,5295.5,5297.5,5288.0,5297.5,3098
2026-04-09 07:55:00+00:00,5289.5,5299.5,5289.0,5294.5,3111
2026-04-09 08:00:00+00:00,5284.0,5292.0,5283.0,5288.5,5043
2026-04-09 08:05:00+00:00,5288.5,5294.5,5283.0,5283.0,2623
2026-04-09 08:10:00+00:00,5284.0,5288.5,5281.0,5287.0,2430
2026-04-09 08:15:00+00:00,5267.0,5285.0,5260.0,5283.5,7255
2026-04-09 08:20:00+00:00,5268.0,5275.5,5264.0,5264.0,5391
2026-04-09 08:25:00+00:00,5271.5,5277.0,5268.5,5269.0,1602
2026-04-09 08:30:00+00:00,5273.0,5275.0,5268.0,5271.0,2251
2026-04-09 08:35:00+00:00,5275.0,5277.5,5273.0,5273.5,2438
2026-04-09 08:40:00+00:00,5266.0,5275.0,5262.5,5275.0,3325
2026-04-09 08:45:00+00:00,5268.5,5269.0,5262.0,5266.5,2862
2026-04-09 08:50:00+00:00,5258.5,5266.5,5252.5,5265.0,4525
2026-04-09 08:55:00+00:00,5258.5,5263.5,5255.5,5259.5,3031
2026-04-09 09:00:00+00:00,5257.5,5260.0,5250.0,5257.5,3969
2026-04-09 09:05:00+00:00,5262.5,5262.5,5255.0,5256.5,5175
2026-04-09 09:10:00+00:00,5276.5,5277.0,5263.0,5264.5,4460
2026-04-09 09:15:00+00:00,5276.5,5279.0,5269.5,5274.5,6613
2026-04-09 09:20:00+00:00,5277.5,5279.0,5273.0,5277.5,3637
2026-04-09 09:25:00+00:00,5273.0,5278.5,5271.5,5278.0,6312
2026-04-09 09:30:00+00:00,5281.0,5292.5,5275.5,5275.5,24549
2026-04-09 09:35:00+00:00,5289.5,5294.0,5280.0,5281.5,23411
2026-04-09 09:40:00+00:00,5289.5,5290.0,5287.0,5290.0,20689
2026-04-09 09:45:00+00:00,5285.0,5289.5,5284.5,5289.5,17510
2026-04-09 09:50:00+00:00,5278.5,5282.0,5273.5,5280.0,29973
2026-04-09 09:55:00+00:00,5279.5,5282.0,5262.5,5279.0,16405
2026-04-10 03:45:00+00:00,5367.0,5377.5,5304.0,5304.0,0
2026-04-10 03:50:00+00:00,5368.0,5376.0,5362.0,5367.0,27952
2026-04-10 03:55:00+00:00,5375.0,5380.0,5348.0,5370.0,48907
2026-04-10 04:00:00+00:00,5384.0,5389.5,5360.0,5370.0,26716
2026-04-10 04:05:00+00:00,5385.0,5385.5,5375.0,5385.5,11935
2026-04-10 04:10:00+00:00,5396.5,5399.5,5382.0,5385.0,37440
2026-04-10 04:15:00+00:00,5418.5,5424.0,5390.5,5398.0,39558
2026-04-10 04:20:00+00:00,5396.0,5424.0,5395.0,5421.0,11827
2026-04-10 04:25:00+00:00,5397.0,5404.0,5391.5,5396.5,8035
2026-04-10 04:30:00+00:00,5388.0,5397.0,5385.5,5397.0,6928
2026-04-10 04:35:00+00:00,5363.5,5387.0,5347.5,5386.0,20793
2026-04-10 04:40:00+00:00,5365.5,5376.5,5361.5,5361.5,7111
2026-04-10 04:45:00+00:00,5370.0,5374.5,5361.0,5365.5,4798
2026-04-10 04:50:00+00:00,5375.5,5378.0,5366.5,5368.5,4755
2026-04-10 04:55:00+00:00,5377.0,5378.0,5370.0,5375.5,5626
2026-04-10 05:00:00+00:00,5378.5,5382.5,5372.5,5378.5,7201
2026-04-10 05:05:00+00:00,5378.0,5381.0,5372.5,5379.0,6676
2026-04-10 05:10:00+00:00,5375.5,5377.0,5371.5,5374.5,4457
2026-04-10 05:15:00+00:00,5367.0,5378.5,5365.5,5373.5,7027
2026-04-10 05:20:00+00:00,5374.5,5374.5,5363.0,5366.0,4599
2026-04-10 05:25:00+00:00,5371.5,5377.5,5360.0,5373.5,15708
2026-04-10 05:30:00+00:00,5366.5,5373.0,5362.0,5372.0,3791
2026-04-10 05:35:00+00:00,5371.0,5373.0,5364.0,5367.5,3609
2026-04-10 05:40:00+00:00,5377.0,5379.5,5368.5,5371.0,5613
2026-04-10 05:45:00+00:00,5367.5,5378.0,5366.0,5378.0,3501
2026-04-10 05:50:00+00:00,5372.5,5377.5,5367.5,5367.5,4819
2026-04-10 05:55:00+00:00,5367.5,5377.5,5367.5,5373.0,4219
2026-04-10 06:00:00+00:00,5378.5,5379.5,5370.0,5370.0,7885
2026-04-10 06:05:00+00:00,5389.0,5390.0,5377.0,5377.5,4663
2026-04-10 06:10:00+00:00,5390.5,5393.0,5382.5,5390.0,4615
2026-04-10 06:15:00+00:00,5375.0,5395.0,5374.5,5390.5,4341
2026-04-10 06:20:00+00:00,5383.5,5389.5,5376.5,5376.5,13929
2026-04-10 06:25:00+00:00,5390.0,5393.0,5381.0,5381.0,4317
2026-04-10 06:30:00+00:00,5408.0,5408.0,5390.0,5390.0,9127
2026-04-10 06:35:00+00:00,5406.5,5409.5,5400.5,5408.0,8473
2026-04-10 06:40:00+00:00,5402.5,5408.0,5396.5,5406.5,6762
2026-04-10 06:45:00+00:00,5399.0,5402.5,5391.5,5402.5,5455
2026-04-10 06:50:00+00:00,5430.0,5430.0,5399.5,5402.0,32202
2026-04-10 06:55:00+00:00,5444.0,5444.0,5424.5,5429.0,30822
2026-04-10 07:00:00+00:00,5445.0,5464.0,5439.5,5442.5,28477
2026-04-10 07:05:00+00:00,5457.0,5457.0,5444.5,5446.0,7227
2026-04-10 07:10:00+00:00,5453.5,5461.5,5449.0,5458.0,7805
2026-04-10 07:15:00+00:00,5462.5,5469.0,5454.5,5454.5,11350
2026-04-10 07:20:00+00:00,5470.0,5477.0,5460.0,5461.5,16965
2026-04-10 07:25:00+00:00,5464.0,5476.0,5463.0,5468.5,20208
2026-04-10 07:30:00+00:00,5465.0,5465.5,5459.0,5464.0,4631
2026-04-10 07:35:00+00:00,5461.0,5465.0,5451.0,5463.0,3926
2026-04-10 07:40:00+00:00,5460.0,5462.0,5452.5,5461.0,5902
2026-04-10 07:45:00+00:00,5457.5,5465.0,5457.5,5460.0,4636
2026-04-10 07:50:00+00:00,5455.0,5462.0,5455.0,5457.5,3706
2026-04-10 07:55:00+00:00,5454.0,5457.0,5450.5,5453.5,4012
2026-04-10 08:00:00+00:00,5455.5,5458.0,5452.5,5453.0,2817
2026-04-10 08:05:00+00:00,5461.0,5461.0,5453.0,5455.5,4228
2026-04-10 08:10:00+00:00,5469.5,5470.0,5461.5,5461.5,6293
2026-04-10 08:15:00+00:00,5466.0,5468.5,5463.0,5467.0,3860
2026-04-10 08:20:00+00:00,5470.0,5470.0,5462.0,5465.0,3571
2026-04-10 08:25:00+00:00,5470.0,5470.0,5466.5,5470.0,3897
2026-04-10 08:30:00+00:00,5458.5,5471.0,5457.5,5470.0,3773
2026-04-10 08:35:00+00:00,5464.0,5465.0,5458.5,5458.5,2999
2026-04-10 08:40:00+00:00,5459.0,5464.0,5451.5,5464.0,5897
2026-04-10 08:45:00+00:00,5450.0,5458.0,5430.5,5458.0,13356
2026-04-10 08:50:00+00:00,5444.0,5453.0,5441.5,5448.5,3917
2026-04-10 08:55:00+00:00,5442.5,5450.0,5441.5,5443.5,4889
2026-04-10 09:00:00+00:00,5443.0,5450.0,5440.0,5443.5,5946
2026-04-10 09:05:00+00:00,5447.0,5449.5,5442.0,5443.0,3204
2026-04-10 09:10:00+00:00,5442.5,5447.5,5440.5,5446.0,5592
2026-04-10 09:15:00+00:00,5462.0,5462.0,5442.0,5442.0,6291
2026-04-10 09:20:00+00:00,5460.0,5466.5,5456.5,5462.0,8492
2026-04-10 09:25:00+00:00,5465.0,5465.5,5459.0,5459.0,4663
2026-04-10 09:30:00+00:00,5473.5,5475.0,5465.0,5465.0,14130
2026-04-10 09:35:00+00:00,5474.0,5483.5,5471.5,5473.5,16286
2026-04-10 09:40:00+00:00,5469.0,5475.0,5467.0,5472.0,14815
2026-04-10 09:45:00+00:00,5461.5,5473.0,5457.5,5470.5,29340
2026-04-10 09:50:00+00:00,5463.5,5468.0,5457.5,5460.5,27824
2026-04-10 09:55:00+00:00,5457.5,5463.5,5455.5,5463.0,15022
